<?xml version="1.0" encoding="UTF-8"?>
<project-private xmlns="http://www.netbeans.org/ns/project-private/1">
    <editor-bookmarks xmlns="http://www.netbeans.org/ns/editor-bookmarks/2" lastBookmarkId="0"/>
    <open-files xmlns="http://www.netbeans.org/ns/projectui-open-files/2">
        <group>
            <file>file:/C:/Users/Sofwan%20Fadilah/Documents/matlab/Responsi(123220149)/src/view/LoginPageView.java</file>
            <file>file:/C:/Users/Sofwan%20Fadilah/Documents/matlab/Responsi(123220149)/src/model/userModel.java</file>
            <file>file:/C:/Users/Sofwan%20Fadilah/Documents/matlab/Responsi(123220149)/src/model/hewanModel.java</file>
            <file>file:/C:/Users/Sofwan%20Fadilah/Documents/matlab/Responsi(123220149)/src/view/pegawaiView.java</file>
            <file>file:/C:/Users/Sofwan%20Fadilah/Documents/matlab/Responsi(123220149)/src/Controller/pegawaiController.java</file>
            <file>file:/C:/Users/Sofwan%20Fadilah/Documents/matlab/Responsi(123220149)/src/Controller/loginController.java</file>
            <file>file:/C:/Users/Sofwan%20Fadilah/Documents/matlab/Responsi(123220149)/src/Responsi/Main.java</file>
            <file>file:/C:/Users/Sofwan%20Fadilah/Documents/matlab/Responsi(123220149)/src/Controller/menuController.java</file>
            <file>file:/C:/Users/Sofwan%20Fadilah/Documents/matlab/Responsi(123220149)/src/view/Menu.java</file>
            <file>file:/C:/Users/Sofwan%20Fadilah/Documents/matlab/Responsi(123220149)/src/model/menuModel.java</file>
            <file>file:/C:/Users/Sofwan%20Fadilah/Documents/matlab/Responsi(123220149)/src/Controller/hewanController.java</file>
            <file>file:/C:/Users/Sofwan%20Fadilah/Documents/matlab/Responsi(123220149)/src/model/pegawaiModel.java</file>
            <file>file:/C:/Users/Sofwan%20Fadilah/Documents/matlab/Responsi(123220149)/src/view/hewanView.java</file>
        </group>
    </open-files>
</project-private>
